case_name,scenario_index,snapshot_step,snapshot_rank,candidate_count_tried,load_scale,renewable_total_mw,stress_score,converged,retry_count,solve_time_s,error_message,objective_eur,power_balance_residual_mw,line_violation_pct,voltage_violation_pu,max_line_loading_pct,min_vm_pu,max_vm_pu
case33bw,1,74,1,8,1.0518682719865085,0.0037919516043690297,3.90389867882551,True,0,0.10963449999962904,,82.10015632328128,8.174385057735378e-10,0.0,0.0,70.0760291725256,0.9635125935637359,1.049988987276643
case33bw,2,73,1,8,1.0522153181169862,0.2692819629931368,3.6396979438114676,True,0,0.10936429999946995,,76.46700384315068,1.2908207280837303e-09,0.0,0.0,70.09096069577309,0.9689686330728464,1.0499851458675662
case33bw,3,74,1,8,1.0518682719865085,0.14126970181494802,3.766420928614931,True,0,0.10877809999965393,,79.13340274307427,1.0419762830338186e-09,0.0,0.0,69.11858078327569,0.9675170064090365,1.0499870561650482
case33bw,4,70,1,8,1.0424226393272786,0.09680771632969595,3.775792388771144,True,0,0.10631659999944532,,79.31610221243699,1.0417102180859672e-09,0.0,0.0,69.12193286110173,0.9676782389562949,1.0499870256297585
case33bw,5,74,1,8,1.0518682719865085,0.0025305264660017996,3.9051601039638775,True,0,0.10749329999998736,,82.12706513460547,8.156606501330543e-10,0.0,0.0,70.07606396075784,0.9634706997377892,1.0499890024658496
case33bw,6,73,1,8,1.0522153181169862,0.0025568584620569105,3.9064230483425475,True,0,0.11200509999980568,,82.15482265227095,8.141576302023168e-10,0.0,0.0,70.09896977039907,0.963448795736507,1.0499890206640066
case33bw,7,75,1,8,1.049562300627224,0.08022236750598354,3.8189015793241543,True,0,0.11463209999965329,,80.26477779127973,9.514946608391028e-10,0.0,0.0,69.5031065866263,0.9660437407439324,1.0499878142096908
case33bw,8,73,1,8,1.0522153181169862,0.02651027477172292,3.8824696320328815,True,0,0.11434150000059162,,81.63852935959044,8.486141511721002e-10,0.0,0.0,69.95361355661238,0.9641572227355352,1.0499887105575587
case33bw,9,72,1,8,1.0506754220366823,0.01841680512977753,3.8848423877364975,True,0,0.11309630000050674,,81.68636102277401,8.477281654428737e-10,0.0,0.0,69.99679081934033,0.9642154110367182,1.0499887133068984
case33bw,10,76,1,8,1.0452701602959678,0.032576141540504804,3.8506025039590157,True,0,0.11376410000048054,,80.93593148604937,9.080315110931991e-10,0.0,0.0,69.63955247998521,0.9652840295182933,1.0499881752938736
case33bw,11,74,1,8,1.0518682719865085,0.10929504213027469,3.7983955882996043,True,0,0.11329209999985324,,79.85086692115773,9.763382879945937e-10,0.0,0.0,70.07304696033603,0.9671176843251663,1.0499876280254898
case33bw,12,73,1,8,1.0522153181169862,0.0009006678086703167,3.908079238995934,True,0,0.10568679999960295,,82.19078252824119,8.11290645774676e-10,0.0,0.0,70.09902999955838,0.9633750395394323,1.0499890447073128
case33bw,13,73,1,8,1.0522153181169862,0.03895437188233124,3.870025534922273,True,0,0.109733000000233,,81.36234777258123,8.660458739040422e-10,0.0,0.0,69.29194836663245,0.9637510277428539,1.0499885662782562
case33bw,14,76,1,8,1.0452701602959678,0.03689524921206053,3.84628339628746,True,0,0.10930670000016107,,80.83786845563934,9.121640109910345e-10,0.0,0.0,69.03414721635616,0.9645554167310276,1.0499881576960353
case33bw,15,74,1,8,1.0518682719865085,0.040036343401637725,3.8676542870282415,True,0,0.10879389999990963,,81.31030560499082,8.711937560246241e-10,0.0,0.0,69.27562864824709,0.9638556629740627,1.0499885257311674
case33bw,16,73,1,8,1.0522153181169862,0.00419039079601162,3.904789516008593,True,0,0.11032299999988027,,82.12005099808982,8.16048589813434e-10,0.0,0.0,70.09892643259337,0.9635007925619097,1.0499890015254432
case33bw,17,74,1,8,1.0518682719865085,0.024745891958010927,3.8829447384718683,True,0,0.10836089999975229,,81.64324626052644,8.472346157972765e-10,0.0,0.0,69.57611549194141,0.963637693409798,1.0499887282631595
case33bw,18,73,1,8,1.0522153181169862,0.01323688867824947,3.8957430181263546,True,0,0.11100059999989753,,81.92330635274755,8.288132402611836e-10,0.0,0.0,69.93775268505513,0.9636378348088968,1.0499888866506355
case33bw,19,76,1,8,1.0452701602959678,0.026294373460575386,3.856884272038945,True,0,0.10916879999967932,,81.06828758683326,8.958697672589722e-10,0.0,0.0,69.3301593036149,0.9645839723133363,1.0499882862910896
case33bw,20,73,1,8,1.0522153181169862,0.007964168497693781,3.9010157383069104,True,0,0.11261210000066058,,82.0388586329025,8.212817093067315e-10,0.0,0.0,70.09880611231412,0.9636470267701429,1.0499889513716123
case33bw,21,74,1,8,1.0518682719865085,0.03856874855958452,3.8691218818702944,True,0,0.11576699999932316,,81.34790721640852,8.71305694261082e-10,0.0,0.0,69.9089859366398,0.9646975039372278,1.0499885084138085
case33bw,22,70,1,8,1.0424226393272786,0.10731621693607524,3.765283888164765,True,0,0.11317959999996674,,79.10246635921906,1.0576013120822125e-09,0.0,0.0,69.44940524065655,0.968341187145089,1.049986902330582
case33bw,23,73,1,8,1.0522153181169862,0.0,3.9089799068046043,True,0,0.11054030000013881,,82.21005237666574,8.101929127590779e-10,0.0,0.0,70.09905611346565,0.963343507918288,1.049989055862622
case33bw,24,73,1,8,1.0522153181169862,0.004512537514851382,3.904467369289753,True,0,0.10866830000031769,,82.11281059948448,8.165163545292842e-10,0.0,0.0,70.09890900135149,0.9635225245055014,1.0499889951922807
case33bw,25,75,1,8,1.049562300627224,0.007424318125747177,3.8916996287043903,True,0,0.10753670000030979,,81.83133446133156,8.381359495324148e-10,0.0,0.0,69.9236647912013,0.9638810350450656,1.0499887971352486
case33bw,26,73,1,8,1.0522153181169862,0.006669728164363644,3.9023101786402408,True,0,0.11454989999947429,,82.0676648091922,8.196425205220237e-10,0.0,0.0,70.09886959756831,0.9635681658442156,1.0499889749991311
case33bw,27,74,1,8,1.0518682719865085,0.030203878975212126,3.877486751454667,True,0,0.11472289999983332,,81.5320086772025,8.571473808505203e-10,0.0,0.0,70.0751836053782,0.9645418343272203,1.049988630398956
case33bw,28,74,1,8,1.0518682719865085,0.010948667558486776,3.8967419628713924,True,0,0.11349960000006831,,81.94432419352133,8.274539664565594e-10,0.0,0.0,69.91611686940944,0.9635515553193901,1.0499889019155513
case33bw,29,73,1,8,1.0522153181169862,0.019987353248769223,3.888992553555835,True,0,0.13364270000056422,,81.77932695392636,8.399183293317236e-10,0.0,0.0,70.09840081292425,0.9641414684441024,1.0499887838441235
case33bw,30,73,1,8,1.0522153181169862,0.03327292634300502,3.875706980461599,True,0,0.10663629999999102,,81.49695549952284,8.585635535851566e-10,0.0,0.0,70.09805257073444,0.9645593091811772,1.0499886256945121
case33bw,31,72,1,8,1.0506754220366823,0.017826008734345682,3.8854331841319296,True,0,0.13238780000028783,,81.69839805870961,8.471415513522373e-10,0.0,0.0,69.99679409071564,0.9642126094210519,1.049988716749537
case33bw,32,73,1,8,1.0522153181169862,0.0006119017461383117,3.908368005058466,True,0,0.12028020000070683,,82.1968728309464,8.108885229951568e-10,0.0,0.0,70.0990363407766,0.9633675535923919,1.0499890477030227
case33bw,33,73,1,8,1.0522153181169862,0.0,3.9089799068046043,True,0,0.12468970000008994,,82.21005237666574,8.101929127590779e-10,0.0,0.0,70.09905611346565,0.963343507918288,1.049989055862622
case33bw,34,71,1,8,1.0473616249526234,0.012294274656125525,3.8786541620428707,True,0,0.11785360000067158,,81.54692209911993,8.596505729485671e-10,0.0,0.0,69.77828815498196,0.9642198849139313,1.0499886089096024
case33bw,35,73,1,8,1.0522153181169862,0.0,3.9089799068046043,True,0,0.11162689999946451,,82.21005237666574,8.101929127590779e-10,0.0,0.0,70.09905611346565,0.963343507918288,1.049989055862622
case33bw,36,74,1,8,1.0518682719865085,0.002071430809322228,3.9056191996205567,True,0,0.11021869999967748,,82.13680621741636,8.148055008483368e-10,0.0,0.0,70.076075402671,0.9634570290747535,1.0499890076387082
case33bw,37,73,1,8,1.0522153181169862,0.05114395330447808,3.857835953500126,True,0,0.10914820000016334,,81.10792752262819,8.869928402877036e-10,0.0,0.0,69.92074018268815,0.9650933528824335,1.0499883671980845
case33bw,38,74,1,8,1.0518682719865085,0.005196519197751236,3.902494111232128,True,0,0.10788880000018253,,82.07029732980062,8.193758727070843e-10,0.0,0.0,70.07599279750717,0.9635561915599681,1.0499889710236905
case33bw,39,73,1,8,1.0522153181169862,0.00014498997462656965,3.908834916829978,True,0,0.1490414999998393,,82.20692214413165,8.105521254186954e-10,0.0,0.0,70.09905125920766,0.9633494239093339,1.0499890538812573
case33bw,40,73,1,8,1.0522153181169862,0.11810895498468664,3.7908709518199175,True,0,0.13784690000011324,,79.67900863942714,9.971946879350213e-10,0.0,0.0,70.09539589445323,0.96779368375049,1.0499874308631398
case33bw,41,77,1,8,1.0390111115262788,0.03261207198628992,3.8273142073338358,True,0,0.10954519999995682,,80.41722250117053,9.514623255935106e-10,0.0,0.0,68.80467704128066,0.9652063460848956,1.0499878089672758
case33bw,42,76,1,8,1.0452701602959678,0.043239333483868866,3.8399393120156518,True,0,0.1095076000001427,,80.70396521008205,9.197934636162586e-10,0.0,0.0,69.0335322657896,0.964689856663319,1.0499880904358405
case33bw,43,76,1,8,1.0452701602959678,0.04813492964151306,3.8350437158580073,True,0,0.11311990000012884,,80.60453180193869,9.31371202383957e-10,0.0,0.0,69.63912642965643,0.9658056282262976,1.0499879726704124
case33bw,44,75,1,8,1.049562300627224,0.05256539084157594,3.846558555988562,True,0,0.11772089999976743,,80.85958624511053,9.084430985240033e-10,0.0,0.0,69.8443202985453,0.9655335179051298,1.049988173319124
case33bw,45,74,1,8,1.0518682719865085,0.18353017398015245,3.724160456449727,True,0,0.11027430000012828,,78.22934185345693,1.1238278363467913e-09,0.0,0.0,69.12071265904572,0.9692096648537049,1.0499863847207602
case33bw,46,73,1,8,1.0522153181169862,0.000563585515800693,3.9084163212888035,True,0,0.11116390000006504,,82.19795687904994,8.106461613088811e-10,0.0,0.0,70.09903890600876,0.9633643581591496,1.0499890486350985
case33bw,47,75,1,8,1.049562300627224,0.007692577153816092,3.891431369676322,True,0,0.1382578000002468,,81.82445700939829,8.379033300531802e-10,0.0,0.0,69.77093950916165,0.9636550383369152,1.049988806136161
case33bw,48,74,1,8,1.0518682719865085,0.04005527030428349,3.8676353601255955,True,0,0.10781989999941288,,81.32099019488335,8.721860178528829e-10,0.0,0.0,70.07488541581202,0.9649037617560624,1.0499884999015707
case33bw,49,74,1,8,1.0518682719865085,0.12185985893862328,3.7858307714912556,True,0,0.11102459999983694,,79.56045524237152,1.0109585391049336e-09,0.0,0.0,69.94234154407756,0.9680233900112214,1.0499872969426693
case33bw,50,76,1,8,1.0452701602959678,0.07358098868755333,3.809597656811967,True,0,0.10920390000046609,,80.05081394208392,9.735633133001187e-10,0.0,0.0,69.08177942440956,0.9660114657693796,1.0499876274341031
case33bw,51,75,1,8,1.049562300627224,0.1366160048269298,3.762507942003208,True,0,0.11691569999948115,,79.04466413029415,1.0500183778017202e-09,0.0,0.0,68.8091874234782,0.9672771004697457,1.049986992995108
case33bw,52,74,1,8,1.0518682719865085,0.1288221831855817,3.7788684472442973,True,0,0.1078747999999905,,79.40296565766562,1.0177378939602022e-09,0.0,0.0,69.10526591576719,0.9669711321600784,1.0499872629711187
case33bw,53,75,1,8,1.049562300627224,0.04878050359690558,3.850343443233232,True,0,0.106933800000661,,80.93035727430957,8.999410383569995e-10,0.0,0.0,68.90786040210386,0.9640862928259235,1.0499882750496399
case33bw,54,73,1,8,1.0522153181169862,0.02941895869786177,3.8795609481067426,True,0,0.10682340000039403,,81.58194526959763,8.513809934829197e-10,0.0,0.0,70.09822589666234,0.9643445921128644,1.0499886930787126
case33bw,55,75,1,8,1.049562300627224,0.07700328132689699,3.822120665503241,True,0,0.10713699999996606,,80.32399181091574,9.486764429578187e-10,0.0,0.0,69.1574142971193,0.9656122791533736,1.0499878354320087
case33bw,56,74,1,8,1.0518682719865085,0.004544644484164244,3.9031459859457147,True,0,0.10585019999962242,,82.08441367985033,8.183238531245252e-10,0.0,0.0,70.07601567007123,0.9635282126448725,1.0499889802967215
case33bw,57,74,1,8,1.0518682719865085,0.056146554674942985,3.851544075754936,True,0,0.10489219999999477,,80.97056766844494,8.990103661510318e-10,0.0,0.0,69.97130112688923,0.9654722469507744,1.0499882585583238
case33bw,58,75,1,8,1.049562300627224,0.08625451246387156,3.812869434366266,True,0,0.1110869999993156,,80.13438966036333,9.673870871029777e-10,0.0,0.0,69.9210644032988,0.9670732675774796,1.0499876558934762
case33bw,59,74,1,8,1.0518682719865085,0.025042740623993878,3.8826478898058854,True,0,0.11228419999952166,,81.64134093117059,8.484252467244602e-10,0.0,0.0,69.93827055761909,0.9641486058662387,1.0499887076231254
case33bw,60,75,1,8,1.049562300627224,0.037114335708008525,3.8620096111221294,True,0,0.1275127999997494,,81.18512674990424,8.812339191699436e-10,0.0,0.0,69.1928330665962,0.9639894415165435,1.049988432039221
case33bw,61,74,1,8,1.0518682719865085,0.0,3.907690630429879,True,0,0.12145270000019082,,82.181484121289,8.122152395095839e-10,0.0,0.0,70.07614378335205,0.9633736928374911,1.049989035762871
case33bw,62,72,1,8,1.0506754220366823,0.12878725172235678,3.7744719411439185,True,0,0.10823740000068938,,79.33373131385606,1.0210390866127739e-09,0.0,0.0,69.99364557813563,0.9679623043198199,1.0499872456123645
case33bw,63,75,1,8,1.049562300627224,0.11268669419672661,3.7864372526334114,True,0,0.10690520000025572,,79.57927630892513,1.0061601551925037e-09,0.0,0.0,69.92049680824074,0.9677490591700525,1.0499873512925748
case33bw,64,72,1,8,1.0506754220366823,0.050470279589940006,3.8527889132763353,True,0,0.1127913999998782,,80.99717092805408,8.978847665375156e-10,0.0,0.0,69.99576074906997,0.9654739482497764,1.049988267283739
case33bw,65,73,1,8,1.0522153181169862,0.00036859845027071745,3.9086113083543337,True,0,0.1162767999994685,,82.20210051705934,8.107504112508934e-10,0.0,0.0,70.09904390894398,0.9633583720075013,1.0499890508639087
case33bw,66,74,1,8,1.0518682719865085,0.09087640030068907,3.81681423012919,True,0,0.10655419999966398,,80.22680026409738,9.571425596544003e-10,0.0,0.0,70.07318066050678,0.9669890734569119,1.0499877535836364
case33bw,67,76,1,8,1.0452701602959678,0.02021485357490853,3.862963791924612,True,0,0.10988340000039898,,81.20456023281733,8.861701372708808e-10,0.0,0.0,69.64001158621122,0.9647115619522689,1.0499883713963012
case33bw,68,75,1,8,1.049562300627224,0.004870798050181139,3.8942531487799568,True,0,0.10882379999929981,,81.8861752776873,8.330584555515941e-10,0.0,0.0,69.84209347609989,0.9636349126807003,1.0499888425321213
case33bw,69,75,1,8,1.049562300627224,0.03643883345769013,3.862685113372448,True,0,0.10785990000022139,,81.1997357888811,8.801614159725801e-10,0.0,0.0,69.19097760619545,0.963948398475634,1.0499884436757072
case33bw,70,73,1,8,1.0522153181169862,0.007925369567252758,3.9010545372373517,True,0,0.105862999999772,,82.03964397885919,8.217634350771164e-10,0.0,0.0,70.09880620414808,0.9636470027706684,1.049988951557714
case33bw,71,74,1,8,1.0518682719865085,0.01674808020692061,3.8909425502229587,True,0,0.10530550000021321,,81.81876246006986,8.367266324249556e-10,0.0,0.0,69.9422677549588,0.9638608289781596,1.0499888130996917
case33bw,72,74,1,8,1.0518682719865085,0.10703233830346096,3.800658292126418,True,0,0.10549319999972795,,79.87557248962348,9.88622683717466e-10,0.0,0.0,70.07254324903293,0.9677769156903646,1.0499874771394042
case33bw,73,73,1,8,1.0522153181169862,0.001037839137624013,3.9079420676669803,True,0,0.10601959999985411,,82.18788385240853,8.111633587049027e-10,0.0,0.0,70.09902685672887,0.9633787642504673,1.0499890432466041
case33bw,74,74,1,8,1.0518682719865085,0.07153902866872647,3.8361516017611526,True,0,0.10699209999984305,,80.641911857956,9.242222542837908e-10,0.0,0.0,70.0738071629847,0.9662237780285465,1.0499880354655347
case33bw,75,73,1,8,1.0522153181169862,0.02936332621388204,3.879616580590722,True,0,0.10805880000043544,,81.57768654300443,8.519276673002452e-10,0.0,0.0,69.88808582335142,0.9641421074700461,1.049988683136811
case33bw,76,76,1,8,1.0452701602959678,0.04816273321156683,3.835015912287954,True,0,0.10676330000023881,,80.60094427765324,9.28339460859462e-10,0.0,0.0,69.18258342662749,0.9650641066435026,1.049988018313985
case33bw,77,72,1,8,1.0506754220366823,0.18290119498376783,3.720357997882507,True,0,0.11135430000013002,,78.15041511299813,1.1192785032143604e-09,0.0,0.0,68.46217520734784,0.968007707752634,1.049986460219351
case33bw,78,75,1,8,1.049562300627224,0.09674644839374329,3.8023774984363943,True,0,0.1067494999997507,,79.91115088967364,9.751602025875883e-10,0.0,0.0,69.12235859681584,0.9659588031589493,1.0499876368363976
case33bw,79,74,1,8,1.0518682719865085,0.0875089059201441,3.820181724509735,True,0,0.10818850000032398,,80.29722683036157,9.52416479016449e-10,0.0,0.0,70.07324546951058,0.9669132072099782,1.0499877891489655
case33bw,80,72,1,8,1.0506754220366823,0.015299059272504753,3.8879601335937704,True,0,0.10701329999938025,,81.75333620139833,8.425158626312879e-10,0.0,0.0,69.99688842663876,0.9640964400517789,1.049988755139015
case33bw,81,73,1,8,1.0522153181169862,0.002909232152178332,3.906070674652426,True,0,0.10850879999998142,,82.14791598804919,8.140129681422081e-10,0.0,0.0,70.0989741821429,0.9634422372744722,1.0499890204890867
case33bw,82,73,1,8,1.0522153181169862,0.0030246363718178723,3.9059552704327865,True,0,0.10637829999996029,,82.14540883875252,8.138043572358811e-10,0.0,0.0,70.09896994929188,0.9634474234159607,1.0499890188016516
case33bw,83,74,1,8,1.0518682719865085,0.03242035981522624,3.875270270614653,True,0,0.10846459999993385,,81.48603222317688,8.598451950447838e-10,0.0,0.0,70.0751518713618,0.9645774966676147,1.0499886116397141
case33bw,84,73,1,8,1.0522153181169862,0.14752734948007076,3.7614525573245334,True,0,0.10715439999967202,,79.0299869231017,1.047346681604111e-09,0.0,0.0,68.84692142192853,0.9672066264526636,1.0499870338897366
case33bw,85,73,1,8,1.0522153181169862,0.0,3.9089799068046043,True,0,0.10595110000031127,,82.21005237666574,8.101929127590779e-10,0.0,0.0,70.09905611346565,0.963343507918288,1.049989055862622
case33bw,86,76,1,8,1.0452701602959678,0.06224198346856774,3.820936662030953,True,0,0.10781259999930626,,80.30732646132435,9.52148082600246e-10,0.0,0.0,69.63881338216903,0.9661825598715754,1.049987809916511
case33bw,87,73,1,8,1.0522153181169862,0.04248687204635515,3.866493034758249,True,0,0.11113870000008319,,81.29476950023721,8.732412570822135e-10,0.0,0.0,69.95314914485074,0.9647846745008679,1.0499884896387122
case33bw,88,76,1,8,1.0452701602959678,0.12930170193205276,3.7538769435674677,True,0,0.10193570000046748,,78.86139982696331,1.07893965983763e-09,0.0,0.0,69.63648273247247,0.968527514645264,1.049986721903426
case33bw,89,73,1,8,1.0522153181169862,0.28478209895634493,3.6241978078482595,True,0,0.10578530000020692,,76.13874349684743,1.3247081209755152e-09,0.0,0.0,70.09050601188775,0.9690878295204576,1.0499848928149518
case33bw,90,73,1,8,1.0522153181169862,0.00017072830466115344,3.908809178499943,True,0,0.10639519999949698,,82.20640109033,8.10078809587722e-10,0.0,0.0,70.09905119826935,0.9633494398397542,1.0499890537587913
case33bw,91,73,1,8,1.0522153181169862,0.030554014543818973,3.8784258922607853,True,0,0.1129611999995177,,81.55493749508136,8.542839213809827e-10,0.0,0.0,70.09812863443685,0.964467580618805,1.0499886596310686
case33bw,92,72,1,8,1.0506754220366823,0.1180786244916553,3.78518056837462,True,0,0.10519079999994574,,79.53987023356203,1.0160190744290531e-09,0.0,0.0,69.82806803779798,0.9680176073148093,1.0499872522783584
case33bw,93,74,1,8,1.0518682719865085,0.027462593122667397,3.8802280373072118,True,0,0.11346520000006421,,81.59166524943137,8.531463868699518e-10,0.0,0.0,70.07528817822373,0.9644132033174599,1.049988672860716
case33bw,94,71,1,8,1.0473616249526234,0.0,3.8909484366989964,True,0,0.10586669999975129,,81.81060482642062,8.413011398644699e-10,0.0,0.0,69.77865916117526,0.963765507594329,1.0499887714677967
case33bw,95,76,1,8,1.0452701602959678,0.07017194620325953,3.813006699296261,True,0,0.10502029999952356,,80.12615572499402,9.726123240128004e-10,0.0,0.0,69.63830224899395,0.9668351452812142,1.0499876089380276
case33bw,96,73,1,8,1.0522153181169862,0.000897122130392858,3.908082784674211,True,0,0.10991329999978916,,82.19070983513765,8.111888383233179e-10,0.0,0.0,70.0990266649792,0.9633793552568382,1.0499890437662458
case33bw,97,73,1,8,1.0522153181169862,0.28303541853032677,3.6259444882742775,True,0,0.10531189999983326,,76.17674660427966,1.3200156523396345e-09,0.0,0.0,70.0905839479862,0.9690673952638529,1.049984931559418
case33bw,98,75,1,8,1.049562300627224,0.11434738034138364,3.784776566488754,True,0,0.1083544000002803,,79.55662920769728,1.0006377393345645e-09,0.0,0.0,69.92075558393302,0.967407517082844,1.0499874280689485
case33bw,99,76,1,8,1.0452701602959678,0.010119524622556103,3.8730591208769645,True,0,0.11124590000054013,,81.42008187710105,8.710829557667665e-10,0.0,0.0,69.64029442732301,0.9643651030157592,1.0499885013853187
case33bw,100,76,1,8,1.0452701602959678,0.0416212740935841,3.8415573714059366,True,0,0.10736960000031104,,80.74485244599768,9.211878204684609e-10,0.0,0.0,69.63934230026761,0.9655379689117282,1.0499880696789947
case33bw,101,72,1,8,1.0506754220366823,0.01728773323480369,3.8859714596314716,True,0,0.10522229999969568,,81.71053715242066,8.461767952994137e-10,0.0,0.0,69.99682436298869,0.9641746643552485,1.0499887279393323
case33bw,102,73,1,8,1.0522153181169862,0.0871864430159337,3.8217934637886706,True,0,0.11384040000029927,,80.33208481967576,9.46906331122932e-10,0.0,0.0,69.90975202669692,0.9665238014198413,1.049987842949434
case33bw,103,74,1,8,1.0518682719865085,1.427501608584923e-05,3.9076763554137934,True,0,0.10655339999993885,,82.18117839556449,8.119065697531624e-10,0.0,0.0,70.07614336252959,0.9633742019390896,1.0499890355837438
case33bw,104,74,1,8,1.0518682719865085,0.004328814271961339,3.9033618161579176,True,0,0.10676989999956277,,82.08889464864924,8.182454713789866e-10,0.0,0.0,70.07601877510913,0.963524725107672,1.049988982077528
case33bw,105,73,1,8,1.0522153181169862,0.001146254971484854,3.9078336518331196,True,0,0.1044250999993892,,82.18538121772622,8.115864369440118e-10,0.0,0.0,70.09901947559887,0.9633880335568278,1.0499890406883552
case33bw,106,76,1,8,1.0452701602959678,0.029029245838552785,3.854149399660968,True,0,0.10302369999953953,,81.0072377439166,8.997765865714769e-10,0.0,0.0,69.07127157517061,0.9643179149471356,1.0499882648071404
case33bw,107,76,1,8,1.0452701602959678,0.10296102887112007,3.7802176166284003,True,0,0.10725019999972574,,79.41857148404522,1.0259438576465385e-09,0.0,0.0,68.99786066494384,0.967061348468507,1.0499871821470779
case33bw,108,76,1,8,1.0452701602959678,0.09193320207137928,3.7912454434281413,True,0,0.10559509999984584,,79.65338184425066,1.0082075729833662e-09,0.0,0.0,69.15108610858528,0.9669786639253511,1.0499873105427597
case33bw,109,75,1,8,1.049562300627224,0.24459430420681155,3.6545296426233262,True,0,0.10650080000050366,,76.7677004639929,1.2671800553309964e-09,0.0,0.0,69.91645304893953,0.969033428521271,1.0499852888191634
case33bw,110,74,1,8,1.0518682719865085,0.28559478067877886,3.6220958497511004,True,0,0.10585619999983464,,76.09157166687854,1.3319699787572858e-09,0.0,0.0,70.06753574149207,0.9691334333413343,1.0499848364768147
case33bw,111,74,1,8,1.0518682719865085,0.024224723785966733,3.8834659066439126,True,0,0.10853499999939231,,81.65896184112091,8.489254299526294e-10,0.0,0.0,70.0753374209138,0.9643573857946307,1.0499887009795668
case33bw,112,75,1,8,1.049562300627224,0.12104896312948736,3.7780749837006504,True,0,0.11182350000035512,,79.39057552836996,1.0175804088241591e-09,0.0,0.0,69.03632437521841,0.9667990240940705,1.049987279050097
case33bw,113,75,1,8,1.049562300627224,0.2200841596358596,3.679039787194278,True,0,0.10885570000027656,,77.29136052969724,1.2125420667530307e-09,0.0,0.0,69.91726521032001,0.9688195571141819,1.049985714397675
case33bw,114,75,1,8,1.049562300627224,0.038459140913188784,3.860664805916949,True,0,0.1077714000002743,,81.1546308712297,8.846432753006894e-10,0.0,0.0,69.15202919673375,0.9640576054430041,1.049988401569405
case33bw,115,71,1,8,1.0473616249526234,0.06912495365869994,3.8218234830402964,True,0,0.10771110000041517,,80.3174130185326,9.546136658933335e-10,0.0,0.0,69.53446488625082,0.966280129614609,1.0499877710469714
case33bw,116,75,1,8,1.049562300627224,0.03672035488573966,3.862403591944398,True,0,0.10648889999993116,,81.19472022806298,8.802285567099943e-10,0.0,0.0,69.21888241116208,0.9639552656924356,1.0499884465577534
case33bw,117,75,1,8,1.049562300627224,0.03991225486774758,3.8592116919623902,True,0,0.10515349999968748,,81.12725848497075,8.849907751073971e-10,0.0,0.0,69.26378915407462,0.9641168153543827,1.0499884050169686
case33bw,118,75,1,8,1.049562300627224,0.04815946703500125,3.8509644797951363,True,0,0.10596850000001723,,80.9566285932147,9.00535507275535e-10,0.0,0.0,69.82900176368769,0.965272086471677,1.0499882535306904
case33bw,119,76,1,8,1.0452701602959678,0.04776058949571889,3.835418056003802,True,0,0.10855109999920387,,80.60383886104151,9.281448665188208e-10,0.0,0.0,68.94554602582086,0.9648032114072674,1.0499880154208414
case33bw,120,76,1,8,1.0452701602959678,0.06335196001299653,3.819826685486524,True,0,0.11079289999997854,,80.2789625548711,9.55355017318027e-10,0.0,0.0,69.56071985352456,0.9662209368914292,1.0499877714431267
case33bw,121,74,1,8,1.0518682719865085,0.002188341346838353,3.905502289083041,True,0,0.1067230999997264,,82.13451546018918,8.154968367257709e-10,0.0,0.0,70.0760768830542,0.9634548301863414,1.0499890075858267
case33bw,122,76,1,8,1.0452701602959678,0.03337103119996088,3.84980761429956,True,0,0.11043689999951312,,80.9140859656135,9.054471894476279e-10,0.0,0.0,68.98426035560196,0.9642850743930079,1.0499882231304285
case33bw,123,73,1,8,1.0522153181169862,0.07505819802866509,3.8339217087759394,True,0,0.1115749999999025,,80.59191868697226,9.291634406327631e-10,0.0,0.0,70.09653296898023,0.9664243678509519,1.0499879847091764
case33bw,124,76,1,8,1.0452701602959678,0.03378310059024975,3.849395544909271,True,0,0.106026300000849,,80.9068201617736,9.059969441338467e-10,0.0,0.0,69.07584955702146,0.964419407341458,1.0499882152289157
case33bw,125,73,1,8,1.0522153181169862,0.08143408337776958,3.827545823426835,True,0,0.10548910000034084,,80.46997824392514,9.304757520034457e-10,0.0,0.0,70.09668434354121,0.9662127437227909,1.0499880034332036
case33bw,126,71,1,8,1.0473616249526234,0.13335536059393677,3.7575930761050595,True,0,0.11646329999985028,,78.94340229188984,1.0717412790572922e-09,0.0,0.0,69.77429204675856,0.9684069363789877,1.0499867803307177
case33bw,127,73,1,8,1.0522153181169862,0.00043805545935803476,3.9085418513452463,True,0,0.10716969999975845,,82.20069028257751,8.108980154020173e-10,0.0,0.0,70.09904364881616,0.9633585385284651,1.0499890505059497
case33bw,128,76,1,8,1.0452701602959678,0.1269573332366413,3.756221312262879,True,0,0.10721029999967868,,78.91356790788821,1.062051890876603e-09,0.0,0.0,68.92483884101644,0.9675806838657921,1.0499868967533772
case33bw,129,76,1,8,1.0452701602959678,0.1033483548420058,3.7798302906575145,True,0,0.11425030000009428,,79.42376354096855,1.0253147775252103e-09,0.0,0.0,69.63746477577705,0.9678561654344543,1.0499871792757034
case33bw,130,73,1,8,1.0522153181169862,0.1215566026625618,3.7874233041420426,True,0,0.13371160000042437,,79.6167343691654,9.953175506005607e-10,0.0,0.0,70.09556659396189,0.9675638665690479,1.0499874700276297
case33bw,131,76,1,8,1.0452701602959678,0.06783037090226718,3.8153482745972536,True,0,0.13029420000020764,,80.17044481248973,9.649263055244717e-10,0.0,0.0,68.9940398034896,0.9657582114308404,1.0499876947436504
case33bw,132,73,1,8,1.0522153181169862,0.011356410840974829,3.8976234959636296,True,0,0.11235610000039742,,81.96526295531454,8.267461715227853e-10,0.0,0.0,70.09868347106875,0.9637972140106135,1.0499889019236295
case33bw,133,75,1,8,1.049562300627224,0.0989924951746346,3.800131451655503,True,0,0.11285459999999148,,79.85857006585535,9.824107638500834e-10,0.0,0.0,69.11432018664928,0.9661607793834307,1.0499875718717668
case33bw,134,74,1,8,1.0518682719865085,0.04289179452186146,3.8647988359080174,True,0,0.11588710000069113,,81.2608377303711,8.750965507786646e-10,0.0,0.0,69.97602462225055,0.9648016489115826,1.0499884814842784
case33bw,135,74,1,8,1.0518682719865085,0.01094334635923884,3.8967472840706403,True,0,0.10814300000038202,,81.94617809284105,8.284904429167739e-10,0.0,0.0,70.07579833852535,0.9637935985782328,1.049988891067693
case33bw,136,70,1,8,1.0424226393272786,0.07602247687125169,3.7965776282295884,True,0,0.1159535999995569,,79.77077114209833,1.00180252982085e-09,0.0,0.0,69.45033362774427,0.9671881528029597,1.049987364124495
case33bw,137,74,1,8,1.0518682719865085,0.11647777012732448,3.7912128603025548,True,0,0.11141120000047522,,79.66952821344792,9.96838056543936e-10,0.0,0.0,69.37161175904271,0.9669260396808825,1.0499874219607186
case33bw,138,76,1,8,1.0452701602959678,0.041778213810181916,3.8414004316893386,True,0,0.11926659999971889,,80.73238563380677,9.196433892189049e-10,0.0,0.0,68.98134624346882,0.9646810319747093,1.049988089255757
case33bw,139,74,1,8,1.0518682719865085,0.09579291396396455,3.8118977164659147,True,0,0.11091409999971802,,80.10348914668455,9.598899175511377e-10,0.0,0.0,68.55846383854072,0.964996615134988,1.0499877698116624
case33bw,140,75,1,8,1.049562300627224,0.1342768969281305,3.7648470499020075,True,0,0.1177417000008063,,79.11786758217563,1.0449537346524096e-09,0.0,0.0,69.9198307729151,0.9681448710009681,1.0499870303076129
case33bw,141,73,1,8,1.0522153181169862,0.013158286246506955,3.895821620558097,True,0,0.10825060000024678,,81.9250364921868,8.283299601785643e-10,0.0,0.0,69.89657080131968,0.9635540612966486,1.0499888943430518
case33bw,142,76,1,8,1.0452701602959678,0.10881416937302232,3.774364476126498,True,0,0.11111979999986943,,79.29599047883018,1.0416679463443046e-09,0.0,0.0,69.54476612744867,0.968236236669614,1.0499870235866802
case33bw,143,73,1,8,1.0522153181169862,0.002867242894626903,3.9061126639099775,True,0,0.11323209999954997,,82.14818416417936,8.14450284991608e-10,0.0,0.0,70.09896080766171,0.9634596159501561,1.0499890168206285
case33bw,144,76,1,8,1.0452701602959678,0.1347064698886435,3.748472175610877,True,0,0.10773470000003726,,78.74808463347344,1.0869588007444975e-09,0.0,0.0,69.57791758038601,0.9686043838343299,1.0499866655604893
case33bw,145,78,1,8,1.0308506736297833,0.1795681277976658,3.6500421247369794,True,0,0.1389229999995223,,76.61475022891592,1.3098493956142931e-09,0.0,0.0,68.68419154038052,0.9700819978461752,1.0499848864639096
case33bw,146,73,1,8,1.0522153181169862,0.005573781853179385,3.9034061249514247,True,0,0.1446077000000514,,82.08984897488774,8.181869626255889e-10,0.0,0.0,70.09887219191226,0.963567487834038,1.04998898024488
case33bw,147,74,1,8,1.0518682719865085,0.043153212640186185,3.864537417789693,True,0,0.13194040000053064,,81.25322209420423,8.77484085393121e-10,0.0,0.0,70.07475802096829,0.9650611389416109,1.0499884485091284
case33bw,148,75,1,8,1.049562300627224,0.12743148620282413,3.7716924606273134,True,0,0.13116859999990993,,79.25611961554691,1.03886391156216e-09,0.0,0.0,69.91984674118456,0.9681406762502927,1.0499870679649443
case33bw,149,73,1,8,1.0522153181169862,0.06684478223255577,3.8421351245720485,True,0,0.12955130000045756,,80.76928748644347,9.062962880168612e-10,0.0,0.0,69.44146802769927,0.9647788243900376,1.0499882200907185
case33bw,150,73,1,8,1.0522153181169862,0.0004262798605783363,3.908553626944026,True,0,0.11897529999987455,,82.20090986036239,8.107970406179277e-10,0.0,0.0,70.09904324154972,0.9633590932788779,1.0499890504373612
case33bw,151,74,1,8,1.0518682719865085,0.026051694785344692,3.8816389356445344,True,0,0.1168281999998726,,81.61434126541417,8.506896576054856e-10,0.0,0.0,69.59215134688746,0.963762996442241,1.0499886995212024
case33bw,152,73,1,8,1.0522153181169862,0.28308797545783215,3.6258919313467723,True,0,0.11164820000067266,,76.1756881655998,1.3204329019078642e-09,0.0,0.0,70.09058382597362,0.9690674272567774,1.0499849312312282
case33bw,153,73,1,8,1.0522153181169862,0.04874758678745891,3.8602323200171456,True,0,0.10991000000012718,,81.16041208722348,8.844880938774224e-10,0.0,0.0,70.09746263186226,0.9652847417993351,1.0499883836402129
case33bw,154,76,1,8,1.0452701602959678,0.032935596549869946,3.8502430489496504,True,0,0.10927640000045358,,80.92865920036513,9.077242846267097e-10,0.0,0.0,69.63955164373857,0.9652842511752334,1.0499881734620504
case33bw,155,74,1,8,1.0518682719865085,0.11312647200617587,3.7945641584237033,True,0,0.11861000000044442,,79.73304155438365,9.883938667520908e-10,0.0,0.0,68.52463473642085,0.9655443652579827,1.049987532425075
case33bw,156,75,1,8,1.049562300627224,0.13124532705942682,3.767878619770711,True,0,0.1304627999998047,,79.18576388820676,1.0378887471684806e-09,0.0,0.0,69.9200006276477,0.968100252082523,1.0499871011925923
case33bw,157,75,1,8,1.049562300627224,0.04215847707215127,3.8569654697579865,True,0,0.12440979999973933,,81.08764460243974,8.903949799687894e-10,0.0,0.0,69.92263082157247,0.9651407518809655,1.0499883401151362
case33bw,158,75,1,8,1.049562300627224,0.02433386144484814,3.8747900853852895,True,0,0.11565439999958471,,81.46431764998965,8.613783297750643e-10,0.0,0.0,69.47552670122803,0.9638112487379802,1.0499886086543941
case33bw,159,73,1,8,1.0522153181169862,0.0007424335319495662,3.9082374732726546,True,0,0.1220404999994571,,82.19412705103848,8.110457860865949e-10,0.0,0.0,70.09903364195203,0.9633707209795102,1.0499890463969737
case33bw,160,75,1,8,1.049562300627224,0.027889411605929226,3.8712345352242084,True,0,0.10797210000055202,,81.38613051723385,8.679638119346578e-10,0.0,0.0,69.42539947750093,0.9639504125189603,1.0499885488099288
case33bw,161,73,1,8,1.0522153181169862,0.08343485210726627,3.825545054697338,True,0,0.1296597999998994,,80.41592221130236,9.318681104542037e-10,0.0,0.0,69.3981284763282,0.965277596388572,1.0499880076790915
case33bw,162,74,1,8,1.0518682719865085,0.06013466460937561,3.8475559658205034,True,0,0.11462469999969471,,80.89114760045527,9.032911640893815e-10,0.0,0.0,70.07427773839237,0.9656417682462713,1.049988229949458
case33bw,163,73,1,8,1.0522153181169862,0.0006254089144718394,3.9083544978901323,True,0,0.11472950000006676,,82.19666819128038,8.108402838047368e-10,0.0,0.0,70.09903790058381,0.9633655059295075,1.049989048094737
case33bw,164,73,1,8,1.0522153181169862,0.011914200937781907,3.8970657058668223,True,0,0.11157030000049417,,81.95359196845259,8.278964458430238e-10,0.0,0.0,70.09867328729132,0.9638090127054646,1.049988896668316
case33bw,165,72,1,8,1.0506754220366823,0.16727012976790034,3.735989063098375,True,0,0.11067850000017643,,78.47921546092253,1.0964081587072627e-09,0.0,0.0,68.63199761779975,0.9679138684130787,1.0499866291078197
case33bw,166,74,1,8,1.0518682719865085,0.0751933050920721,3.832497325337807,True,0,0.11027170000033948,,80.55804797175293,9.276526213852776e-10,0.0,0.0,69.5349339253411,0.9655724304252045,1.049988018338351
case33bw,167,74,1,8,1.0518682719865085,0.07118845536548421,3.836502175064395,True,0,0.10976729999947565,,80.63747592634527,9.20242076984934e-10,0.0,0.0,69.02284473333587,0.9647044281066555,1.0499881002798261
case33bw,168,72,1,8,1.0506754220366823,0.004873433606806706,3.8983857592594684,True,0,0.10783329999958369,,81.97827052001972,8.272018070520915e-10,0.0,0.0,69.99723585621255,0.9636714534387231,1.0499889001800127
case33bw,169,74,1,8,1.0518682719865085,0.023755054951624114,3.883935575478255,True,0,0.11023839999961638,,81.66983216217638,8.46470671334032e-10,0.0,0.0,69.94070934350225,0.96407942179378,1.0499887302035473
case33bw,170,74,1,8,1.0518682719865085,0.011802782950648025,3.895887847479231,True,0,0.10518419999971229,,81.92875468994617,8.283168040357225e-10,0.0,0.0,70.07579564616265,0.9637949837498436,1.0499888867334584
case33bw,171,75,1,8,1.049562300627224,0.054251118887487015,3.844872827942651,True,0,0.11011639999924228,,80.81234583925452,9.094085207106417e-10,0.0,0.0,68.90002110600477,0.9643173878830071,1.0499881923351368
case33bw,172,74,1,8,1.0518682719865085,0.017089137610304277,3.8906014928195747,True,0,0.10838599999988219,,81.81244875444997,8.378053806268326e-10,0.0,0.0,70.07556638269592,0.9640785930016184,1.049988797994395
case33bw,173,76,1,8,1.0452701602959678,0.02510110146418295,3.8580775440353374,True,0,0.1141555000003791,,81.09446380985615,8.92259766072101e-10,0.0,0.0,69.17666518239265,0.9642076424332139,1.049988334668668
case33bw,174,71,1,8,1.0473616249526234,0.16675336559155904,3.724195071107437,True,0,0.10509889999957522,,78.21029178611836,1.1205119054835677e-09,0.0,0.0,67.8784307802135,0.9673539750530172,1.0499864404525765
case33bw,175,73,1,8,1.0522153181169862,0.026829734370539003,3.8821501724340655,True,0,0.10795639999923878,,81.63176378314532,8.507200499607848e-10,0.0,0.0,70.09817185354667,0.9644207793268206,1.0499886880297389
case33bw,176,73,1,8,1.0522153181169862,0.09354324198073809,3.8154366648238662,True,0,0.11186520000046585,,80.20855916066182,9.505120301955827e-10,0.0,0.0,69.94999513287861,0.9664684017806732,1.0499878379780612
case33bw,177,73,1,8,1.0522153181169862,0.13878530170959844,3.7701946050950057,True,0,0.11170600000059494,,79.20876504558363,1.0340789335927525e-09,0.0,0.0,68.71881491774036,0.9668473873707435,1.0499871283126154
case33bw,178,75,1,8,1.049562300627224,0.14221063412023746,3.7569133127099,True,0,0.10609720000047673,,78.92871561853953,1.0628177782301407e-09,0.0,0.0,69.1657012776155,0.9680746904304749,1.0499868726749648
case33bw,179,76,1,8,1.0452701602959678,0.014257693368647562,3.868920952130873,True,0,0.1072797000006176,,81.3292939967339,8.752737423733947e-10,0.0,0.0,69.3694311109363,0.9640885969194897,1.0499884700293445
case33bw,180,71,1,8,1.0473616249526234,0.11147159076476146,3.779476845934235,True,0,0.10757689999991271,,79.41708154378536,1.026849771879057e-09,0.0,0.0,69.7751141062289,0.9681311067823296,1.0499871615785672
case33bw,181,73,1,8,1.0522153181169862,0.011054099506156198,3.897925807298448,True,0,0.1094783999997162,,81.97138187519108,8.268710161019044e-10,0.0,0.0,70.09868418643121,0.9637970270640868,1.0499889033794254
case33bw,182,71,1,8,1.0473616249526234,0.08716498912911523,3.8037834475698813,True,0,0.11897880000014993,,79.9418357267143,9.770700637456997e-10,0.0,0.0,69.47195014122208,0.9665112918555031,1.0499876027760162
case33bw,183,74,1,8,1.0518682719865085,0.008662960803512915,3.899027669626366,True,0,0.10917520000020886,,81.99647567779101,8.243419835629595e-10,0.0,0.0,70.07589986109124,0.9636678901694447,1.0499889299074712
case33bw,184,75,1,8,1.049562300627224,0.04145890202729194,3.8576650448028458,True,0,0.10581330000059097,,81.09240699040004,8.875017942777674e-10,0.0,0.0,69.21159927637778,0.964155501074559,1.0499883757675896
case33bw,185,76,1,8,1.0452701602959678,0.023019657056623184,3.8601589884428975,True,0,0.11181390000001556,,81.1389533002388,8.898828340875298e-10,0.0,0.0,69.26244446035156,0.9643206167285461,1.0499883450150749
case33bw,186,71,1,8,1.0473616249526234,0.22147204049892777,3.6694763962000687,True,0,0.10749029999988124,,77.07625117824219,1.2402409099721012e-09,0.0,0.0,69.77186575436086,0.9690480387490084,1.0499854759026164
case33bw,187,75,1,8,1.049562300627224,0.10465573308962968,3.794468213740508,True,0,0.1071498999999676,,79.73200981381774,9.95979770879174e-10,0.0,0.0,69.23073279391072,0.9667456196804389,1.0499874305932537
case33bw,188,74,1,8,1.0518682719865085,0.043062951426664386,3.8646276790032146,True,0,0.10516619999998511,,81.25533898846315,8.77081074435182e-10,0.0,0.0,70.0747650941419,0.965052201162102,1.0499884510180817
case33bw,189,73,1,8,1.0522153181169862,0.039381794212498974,3.8695981125921053,True,0,0.10602159999962169,,81.3684054033722,8.665290152087834e-10,0.0,0.0,70.09792166299682,0.964713713890393,1.0499885610282484
case33bw,190,75,1,8,1.049562300627224,0.010194488549962135,3.8889294582801757,True,0,0.1094559000002846,,81.77272315559858,8.420658337282561e-10,0.0,0.0,69.9235994233909,0.9639592221674342,1.0499887663097587
case33bw,191,76,1,8,1.0452701602959678,0.1561132768049623,3.727065368694558,True,0,0.11499400000047899,,78.2852707398875,1.1260215537767237e-09,0.0,0.0,69.1639362076647,0.9691442381341672,1.0499863534209486
case33bw,192,73,1,8,1.0522153181169862,0.17367925238962456,3.7353006544149796,True,0,0.11404279999987921,,78.47557243536403,1.0928614124772196e-09,0.0,0.0,68.92013540734905,0.968159249110901,1.0499866634580797
case33bw,193,74,1,8,1.0518682719865085,0.2781116374407233,3.6295789929891558,True,0,0.10615820000020904,,76.24992091293585,1.314729880519394e-09,0.0,0.0,70.06775276904852,0.9690764898719174,1.0499849586413592
case33bw,194,75,1,8,1.049562300627224,0.12130935133903818,3.7778145954910998,True,0,0.10896380000031058,,79.37979091032746,1.0321605792285027e-09,0.0,0.0,69.91986102719613,0.9681369234570197,1.0499871016073599
case33bw,195,73,1,8,1.0522153181169862,0.0005340804682905894,3.9084458263363135,True,0,0.10523120000016206,,82.19852487897803,8.111283034129002e-10,0.0,0.0,70.09903829788132,0.9633652156033807,1.0499890485813304
case33bw,196,73,1,8,1.0522153181169862,0.09661526907507494,3.8123646377295293,True,0,0.10651839999991353,,80.12264161144266,9.594905980847557e-10,0.0,0.0,69.35270820251877,0.9660287678744136,1.0499877446820491
case33bw,197,75,1,8,1.049562300627224,0.04560093448665897,3.8535230123434787,True,0,0.11200040000039735,,81.01164885381557,8.973654874733228e-10,0.0,0.0,69.92247319338347,0.9653374645139654,1.049988277079233
case33bw,198,75,1,8,1.049562300627224,0.0451007165587499,3.854023230271388,True,0,0.10940920000030019,,81.0121948403706,8.935817086275222e-10,0.0,0.0,69.08724302164853,0.9641485321329011,1.049988326062199
case33bw,199,76,1,8,1.0452701602959678,0.12960451532102238,3.753574130178498,True,0,0.10905579999962356,,78.85000964239667,1.0741802169977888e-09,0.0,0.0,69.07615332002972,0.9681467016513321,1.0499867791766526
case33bw,200,76,1,8,1.0452701602959678,0.03448834144808717,3.8486903040514333,True,0,0.11627930000031483,,80.8970690427089,9.091412345174632e-10,0.0,0.0,69.57552280394697,0.9651815034027954,1.0499881724719657
case69,1,74,1,1,1.0518682719865085,0.003234046477113388,3.9960743104427903,True,0,0.2801570999999967,,84.38413654217806,7.11443209899798e-10,0.0,0.0,78.64436239208976,0.9595491371435901,1.0499976820882715
case69,2,73,1,1,1.0522153181169862,0.22966284241727347,3.77096501859532,True,0,0.29534119999971153,,79.72460426171045,2.0536267131276986e-11,0.0,0.0,76.83402893386942,0.9603019848161961,1.049999140387958
case69,3,74,1,1,1.0518682719865085,0.12048486614414845,3.878823490775755,True,0,0.30353590000049735,,81.9671350544351,3.780215029891565e-11,0.0,0.0,77.53302086448865,0.9599178888482548,1.0499991840525364
case69,4,70,1,1,1.0424226393272786,0.08256451732999931,3.8808305996562464,True,0,0.3335849999994025,,81.94369417811572,1.0776102232767926e-11,0.0,0.0,77.15111700281446,0.9606717155880093,1.049999288028934
case69,5,74,1,1,1.0518682719865085,0.002158213251768829,3.9971501436681347,True,0,0.33551079999961075,,84.40655084851355,3.3304858870764065e-11,0.0,0.0,78.6567922603132,0.9595467456165092,1.0499992278508103
case69,6,73,1,1,1.0522153181169862,0.0021806710539673787,3.998447189958626,True,0,0.3137997000003452,,84.43573909179165,4.3831910878644464e-09,0.0,0.0,78.6853876339784,0.9595115186921016,1.049996783338127
case69,7,75,1,1,1.049562300627224,0.06841935026794525,3.9221214729468232,True,0,0.2646638999995048,,82.83914085465707,5.6613941590288874e-09,0.0,0.0,77.78878285954389,0.9599839525366919,1.0499968871858405
case69,8,73,1,1,1.0522153181169862,0.022609850989135864,3.9780180100234577,True,0,0.253316199999972,,84.01271219000154,4.83676260154553e-09,0.0,0.0,78.47157474639482,0.9595819618579097,1.0499967811357391
case69,9,73,1,1,1.0522153181169862,0.021041147507271582,3.979586713505322,True,0,0.298562299999503,,84.04299819388179,2.11740569522334e-09,0.0,0.0,78.47244486883697,0.959582087938883,1.0499972122164132
case69,10,76,1,1,1.0452701602959678,0.027783254318338554,3.9464384221429603,True,0,0.2933556999996654,,83.31562284861745,2.0858259563993897e-11,0.0,0.0,77.89708789719532,0.9602361904266381,1.049999169297332
case69,11,74,1,1,1.0518682719865085,0.09321459840366023,3.9060937585162434,True,0,0.2960925999996107,,82.51285160180325,2.8313518196654286e-11,0.0,0.0,77.77745689367997,0.9598838657523547,1.0499992117627317
case69,12,73,1,1,1.0522153181169862,0.0007681536732493069,3.9998597073393443,True,0,0.2899115999998685,,84.46486581449705,1.2187223452642115e-11,0.0,0.0,78.69762234203367,0.9595101921053233,1.0499992420410296
case69,13,73,1,1,1.0522153181169862,0.03322306355626101,3.9674047974563322,True,0,0.26798910000070464,,83.79768646778697,6.28175952921417e-09,0.0,0.0,78.35935367352639,0.9596190328840892,1.0499966419412696
case69,14,76,1,1,1.0452701602959678,0.03146689704557544,3.9427547794157234,True,0,0.2957702999992762,,83.24222107669397,1.8394979983682447e-11,0.0,0.0,77.83375413255023,0.9602572680719536,1.049999170331318
case69,15,74,1,1,1.0518682719865085,0.03414584595050847,3.965162510969395,True,0,0.3047236000002158,,83.7483911638408,1.9643092707966048e-11,0.0,0.0,78.31493465813705,0.9596596344357976,1.0499992477384874
case69,16,73,1,1,1.0522153181169862,0.0035738638056338665,3.9970539972069594,True,0,0.29217590000007476,,84.40665662507413,4.638801315293151e-09,0.0,0.0,78.66877678855103,0.9595169595105594,1.0499967608321132
case69,17,74,1,1,1.0518682719865085,0.02110505962618962,3.978203297293714,True,0,0.25909649999994144,,84.0174363472575,5.133295344350586e-09,0.0,0.0,78.46149353786612,0.959608509214511,1.0499967477123966
case69,18,73,1,1,1.0522153181169862,0.011289361696629047,3.989338499315964,True,0,0.26512910000019474,,84.24768918170395,1.6535967040098853e-11,0.0,0.0,78.58757909253849,0.9595464451433254,1.049999220437903
case69,19,76,1,1,1.0452701602959678,0.022425714969594807,3.951795961491704,True,0,0.262479699999858,,83.42783531055417,6.692078641235e-09,0.0,0.0,77.93291014941937,0.960221896285102,1.0499967956937983
case69,20,73,1,1,1.0522153181169862,0.0067924102837778185,3.9938354507288154,True,0,0.26817010000013397,,84.33989234165978,4.7200391373181105e-09,0.0,0.0,78.6361102945628,0.9595277073698133,1.0499967577913483
case69,21,74,1,1,1.0518682719865085,0.03289417651377215,3.9664141804061313,True,0,0.2777728000000934,,83.77171829781174,6.463121426936169e-10,0.0,0.0,78.36210730356217,0.9596422140959271,1.0499977352183285
case69,22,70,1,1,1.0424226393272786,0.09152691530117801,3.871868201685068,True,0,0.2603423999998995,,81.75300055662596,1.9197456679886926e-09,0.0,0.0,77.14088399160246,0.9607089036268955,1.0499932651822548
case69,23,73,1,1,1.0522153181169862,0.0,4.000627861012593,True,0,0.2651538000000073,,84.4808810932635,4.7551843573856445e-09,0.0,0.0,78.70618723193374,0.9595046261432425,1.049996739652932
case69,24,73,1,1,1.0522153181169862,0.0038486134780655974,3.9967792475345276,True,0,0.26381359999959386,,84.40110472847842,4.570476136445123e-09,0.0,0.0,78.66800321169582,0.9595172227796706,1.0499967681032758
case69,25,74,1,1,1.0518682719865085,0.014692880269874673,3.984615476650029,True,0,0.2774829999998474,,84.145354560369,1.598896015586604e-11,0.0,0.0,78.51301254493714,0.9595940940294134,1.0499992517396626
case69,26,73,1,1,1.0522153181169862,0.005688419348076941,3.9949394416645165,True,0,0.3171716999995624,,84.36230973339555,7.69381780507672e-12,0.0,0.0,78.64103081723528,0.9595288590019381,1.0499992833726273
case69,27,74,1,1,1.0518682719865085,0.025760019796243608,3.9735483371236597,True,0,0.3142117999996117,,83.91708488747022,2.0536072842247677e-11,0.0,0.0,78.41747285563147,0.9596255518968018,1.0499992389735135
case69,28,74,1,1,1.0518682719865085,0.009337803706622379,3.989970553213281,True,0,0.36209709999911865,,84.25947127326624,2.404859922311431e-09,0.0,0.0,78.59118131225935,0.9595661471530492,1.0499971642036177
case69,29,73,1,1,1.0522153181169862,0.017046638803756266,3.983581222208837,True,0,0.2646199999999226,,84.12767914126147,4.843937556620048e-09,0.0,0.0,78.53841435387075,0.9595598846501895,1.0499967686732186
case69,30,73,1,1,1.0522153181169862,0.028377522038748174,3.9722503389738453,True,0,0.3390909999998257,,83.89121105665735,1.7798540419278197e-12,0.0,0.0,78.40269089328872,0.9596073271563488,1.0499992679623211
case69,31,72,1,1,1.0506754220366823,0.015203290221815994,3.9795697319038537,True,0,0.3097811999996338,,84.03530728133967,5.648982004391456e-09,0.0,0.0,78.44095741672444,0.9596945357831966,1.0499967271660873
case69,32,73,1,1,1.0522153181169862,0.0005218734026452387,4.000105987609948,True,0,0.2919378999995388,,84.47003421865402,2.106156915537838e-11,0.0,0.0,78.70093133229868,0.9595091419949704,1.049999277002326
case69,33,73,1,1,1.0522153181169862,0.0,4.000627861012593,True,0,0.34831690000009985,,84.4808810932635,4.7551843573856445e-09,0.0,0.0,78.70618723193374,0.9595046261432425,1.049996739652932
case69,34,71,1,1,1.0473616249526234,0.010485433304184576,3.9716882009281846,True,0,0.3561478999999963,,83.85038305757206,2.9952845759240176e-11,0.0,0.0,78.21455486453904,0.9599924841344372,1.0499991974487872
case69,35,73,1,1,1.0522153181169862,0.0,4.000627861012593,True,0,0.298152399999708,,84.4808810932635,4.7551843573856445e-09,0.0,0.0,78.70618723193374,0.9595046261432425,1.049996739652932
case69,36,74,1,1,1.0518682719865085,0.001766663768533881,3.9975416931513696,True,0,0.27352460000020073,,84.41476406934684,4.9263648715935915e-09,0.0,0.0,78.66169226012983,0.959542397934612,1.04999673657316
case69,37,73,1,1,1.0522153181169862,0.04361920701187888,3.9570086540007146,True,0,0.26054410000051575,,83.57782636179076,4.0741699458557434e-09,0.0,0.0,78.26441105925026,0.9596503685359173,1.0499968941269606
case69,38,74,1,1,1.0518682719865085,0.004431961785951092,3.9948763951339523,True,0,0.26052460000028077,,84.35912237379918,4.182296647892159e-09,0.0,0.0,78.62984938184637,0.9595529636550916,1.0499968173936618
case69,39,73,1,1,1.0522153181169862,0.0001236577798402154,4.000504203232754,True,0,0.2864706999998816,,84.47831115222284,6.977215472048215e-10,0.0,0.0,78.70498690575485,0.9595060632528254,1.0499976894509644
case69,40,73,1,1,1.0522153181169862,0.10073173121293785,3.8998961297996555,True,0,0.3774977000002764,,82.39232233317577,2.721576020103811e-10,0.0,0.0,77.8074350129924,0.9598491173648561,1.0499981622865031
case69,41,75,1,1,1.049562300627224,0.0637178611689876,3.926822962045781,True,0,0.365883099999337,,82.94220496799116,2.7283423020829645e-09,0.0,0.0,77.85275039828903,0.9599634089817797,1.0499971988542587
case69,42,76,1,1,1.0452701602959678,0.0368775840823279,3.937344092378971,True,0,0.3261695000001055,,83.13065670193504,5.596495489257336e-12,0.0,0.0,77.78737502700116,0.9602725915529664,1.049999185350734
case69,43,76,1,1,1.0452701602959678,0.04105289726110291,3.933168779200196,True,0,0.3025606000001062,,83.03944474836767,3.3038394797735293e-09,0.0,0.0,77.74581592775397,0.9602838572718035,1.0499972012703453
case69,44,75,1,1,1.049562300627224,0.0448315102105778,3.945709313004191,True,0,0.27513879999969504,,83.3276162742014,6.50044254535409e-09,0.0,0.0,78.06068100242216,0.959894018766931,1.049996759772191
case69,45,74,1,1,1.0518682719865085,0.15652760755718653,3.842780749362717,True,0,0.3009350000002087,,81.21944743445968,7.721201455979099e-11,0.0,0.0,77.16376469615686,0.9600468592609374,1.0499986821861103
case69,46,73,1,1,1.0522153181169862,0.00048066587923414406,4.000147195133359,True,0,0.2923215999999229,,84.47086810346028,1.7164075716280536e-11,0.0,0.0,78.7010617698746,0.9595090830153393,1.0499992624820444
case69,47,75,1,1,1.049562300627224,0.0065607778368156466,3.983980045377953,True,0,0.26879420000022947,,84.12047893794886,5.238992933920272e-09,0.0,0.0,78.43204562360884,0.9597717309183273,1.049996768476823
case69,48,74,1,1,1.0518682719865085,0.034161988161488605,3.9651463687584148,True,0,0.258663699999488,,83.74264741768269,5.220240878456295e-09,0.0,0.0,78.32837849772004,0.9596522164146127,1.0499967892943076
case69,49,74,1,1,1.0518682719865085,0.10393076932941665,3.895377587590487,True,0,0.25869849999980943,,82.30145952101317,6.047731621050545e-09,0.0,0.0,77.76075403831489,0.9598716509247053,1.0499968964381725
case69,50,76,1,1,1.0452701602959678,0.06275510926176456,3.9114665671995343,True,0,0.2623773999994228,,82.59466725330499,7.130285778478296e-09,0.0,0.0,77.53458256195904,0.960353373451093,1.0499968777986697
case69,51,75,1,1,1.049562300627224,0.11651586181078277,3.8740249614039857,True,0,0.2983262999996441,,81.85069915359703,2.930120035493644e-11,0.0,0.0,77.33655463637034,0.9601361791695684,1.0499991706720568
case69,52,74,1,1,1.0518682719865085,0.1098687354620682,3.8894396214578353,True,0,0.3293405000003986,,82.18322226668583,1.9483747948356722e-11,0.0,0.0,77.5855251199807,0.9599004786894512,1.0499991862900055
case69,53,75,1,1,1.049562300627224,0.04160348872269956,3.948937334492069,True,0,0.2861574999997174,,83.39970711614889,5.352926379931233e-09,0.0,0.0,78.06099054386718,0.9598943171323664,1.0499968220846998
case69,54,73,1,1,1.0522153181169862,0.025090583863871738,3.975537277148722,True,0,0.2953224999992017,,83.95831813667955,5.876910069702035e-12,0.0,0.0,78.42164489825248,0.959601060688738,1.0499992530177833
case69,55,75,1,1,1.049562300627224,0.06567388423799797,3.9248669389767707,True,0,0.29104499999994005,,82.90055722481438,1.915040348521302e-11,0.0,0.0,77.84326141425072,0.9599686432551271,1.0499991947147131
case69,56,74,1,1,1.0518682719865085,0.003875996588883102,3.9954323603310202,True,0,0.31063930000073015,,84.37058796568692,2.5001195558260747e-11,0.0,0.0,78.63487516193325,0.9595539690383009,1.049999239255263
case69,57,74,1,1,1.0518682719865085,0.04788578185948871,3.951422575060415,True,0,0.268428600000334,,83.46148043518036,4.932183911288135e-09,0.0,0.0,78.22405738637323,0.9596867154745802,1.0499968325353952
case69,58,75,1,1,1.049562300627224,0.07356399323438446,3.916976829980384,True,0,0.26873499999965134,,82.73340387532889,2.1407816075402764e-09,0.0,0.0,77.84959423765973,0.9599775762381223,1.0499920414858916
case69,59,74,1,1,1.0518682719865085,0.021358233316843226,3.97795012360306,True,0,0.3391036000002714,,84.00925290167496,8.704426068817384e-12,0.0,0.0,78.45950678835901,0.9596117748689786,1.049999254619218
case69,60,75,1,1,1.049562300627224,0.03165374961763552,3.958887073597133,True,0,0.4070433000006233,,83.60438240532022,2.4080317739816337e-09,0.0,0.0,78.17180679572019,0.9598581244195371,1.0499972072032209
case69,61,74,1,1,1.0518682719865085,0.0,3.9993083569199035,True,0,0.3447077000000718,,84.45134161171026,1.4229895040074325e-11,0.0,0.0,78.67894362740853,0.9595394913618273,1.0499992592822032
case69,62,72,1,1,1.0506754220366823,0.10983894342161787,3.8849340787040516,True,0,0.299183200000698,,82.06867757721139,2.850688851641081e-10,0.0,0.0,77.57702398271968,0.9600389716587542,1.0499941415188752
case69,63,75,1,1,1.049562300627224,0.09610724091641412,3.8944335822983542,True,0,0.3801644999994096,,82.26163381427257,8.232164949717458e-12,0.0,0.0,77.62688860298138,0.9600847269565319,1.049999183375739
case69,64,72,1,1,1.0506754220366823,0.04304465007377991,3.95172837205189,True,0,0.3263137000003553,,83.45814984833196,1.930908211100757e-11,0.0,0.0,78.1591901341126,0.9597901015561054,1.0499992246501313
case69,65,73,1,1,1.0522153181169862,0.00031436701834326925,4.00031349399425,True,0,0.2741386000006969,,84.47434367733626,2.486580386040771e-11,0.0,0.0,78.70309383256716,0.9595083831075681,1.0499992339144932
case69,66,74,1,1,1.0518682719865085,0.07750586845743603,3.9218024884624674,True,0,0.30912200000057055,,82.84670470486756,2.016375955093963e-11,0.0,0.0,77.98626371985841,0.959790021770844,1.049999220216777
case69,67,74,1,1,1.0518682719865085,0.04190032667838872,3.9574080302415147,True,0,0.3014118999999482,,83.58204729901912,1.3452766678412331e-11,0.0,0.0,78.24728722603999,0.959681622874283,1.0499992290758335
case69,68,75,1,1,1.049562300627224,0.004154163586046143,3.9863866596287223,True,0,0.27442919999975857,,84.16995371272334,1.830174900518955e-12,0.0,0.0,78.45865176328041,0.9597656662498366,1.049999241181638
case69,69,75,1,1,1.049562300627224,0.031077633173953262,3.9594631900408155,True,0,0.2741335999999137,,83.61673715594763,1.4077905508003141e-11,0.0,0.0,78.1832902789848,0.9598565812975303,1.0499992390929003
case69,70,73,1,1,1.0522153181169862,0.006759319791756775,3.9938685412208366,True,0,0.27394100000037724,,84.34057776584937,1.8401447032800888e-11,0.0,0.0,78.636742745133,0.9595302386842816,1.0499992523804456
case69,71,74,1,1,1.0518682719865085,0.0142839559790787,3.9850244009408247,True,0,0.2789049000002706,,84.15648525501913,2.0284190993535844e-11,0.0,0.0,78.53882456101509,0.9595856577704203,1.0499992542586225
case69,72,74,1,1,1.0518682719865085,0.09128480337900152,3.908023553540902,True,0,0.29829179999978805,,82.56401371977142,2.2267215848970068e-11,0.0,0.0,77.90797402920727,0.9598237245409448,1.0499992159141005
case69,73,73,1,1,1.0522153181169862,0.0008851431550381917,3.999742717857555,True,0,0.29689000000053056,,84.4624129747082,3.9890313274781874e-12,0.0,0.0,78.6960868137023,0.9595107269113073,1.0499992690341875
case69,74,74,1,1,1.0518682719865085,0.06101358028294411,3.9382947766369596,True,0,0.26922080000076676,,83.18790623436612,3.2666203075848443e-11,0.0,0.0,78.11017886438158,0.9597367449434778,1.049999246967896
case69,75,73,1,1,1.0522153181169862,0.025043136518124915,3.9755847244944684,True,0,0.3418633999999656,,83.96189323434724,4.6517509566523785e-09,0.0,0.0,78.4346849650506,0.9595941574353247,1.0499968048557382
case69,76,75,1,1,1.049562300627224,0.05563684817807828,3.9349039750366903,True,0,0.2678335999999035,,83.10761874950197,5.645955092337118e-09,0.0,0.0,77.93755476782064,0.9599349594362272,1.049996840779704
case69,77,72,1,1,1.0506754220366823,0.15599116945890162,3.838781852666768,True,0,0.29571300000043266,,81.12701397569217,7.445766225799844e-12,0.0,0.0,76.96124465532439,0.9601866445332822,1.0499991719765092
case69,78,75,1,1,1.049562300627224,0.0825122636693251,3.9080285595454436,True,0,0.25670940000054543,,82.54768272145674,6.223570520047517e-09,0.0,0.0,77.61172400765419,0.9600425527619755,1.0499968826275483
case69,79,74,1,1,1.0518682719865085,0.07463382934028259,3.924674527579621,True,0,0.30073780000020633,,82.90698919808312,2.3252233471993122e-11,0.0,0.0,78.01742953774465,0.9597766247050897,1.0499992277292018
case69,80,72,1,1,1.0506754220366823,0.013048127694031023,3.981724894431639,True,0,0.27702659999977186,,84.07970952305428,6.027766813465618e-09,0.0,0.0,78.4587990546575,0.959688610610948,1.0499966814783233
case69,81,73,1,1,1.0522153181169862,0.002481200440959451,3.998146660571634,True,0,0.3067413000007946,,84.42915686356173,4.501343742191466e-12,0.0,0.0,78.6779040733499,0.9595167034166528,1.049999263464449
case69,82,73,1,1,1.0522153181169862,0.002579625381177373,3.998048235631416,True,0,0.25581099999999424,,84.42715122004863,4.729951180726388e-09,0.0,0.0,78.67708622134148,0.9595142078504459,1.0499967457892654
case69,83,74,1,1,1.0518682719865085,0.02765039256470876,3.971657964355195,True,0,0.2660615999993752,,83.87712379802133,6.680915820567179e-10,0.0,0.0,78.38744557506232,0.9596337744572769,1.0499977226647474
case69,84,73,1,1,1.0522153181169862,0.12582183388474133,3.874806027127852,True,0,0.3022104000001491,,81.88153962482409,7.144895786126426e-12,0.0,0.0,77.4084045690061,0.9599360865718215,1.0499992000237992
case69,85,73,1,1,1.0522153181169862,0.0,4.000627861012593,True,0,0.26311009999972157,,84.4808810932635,4.7551843573856445e-09,0.0,0.0,78.70618723193374,0.9595046261432425,1.049996739652932
case69,86,76,1,1,1.0452701602959678,0.05308439778955616,3.921137278671743,True,0,0.27782440000009956,,82.78764358080502,1.367184143674649e-12,0.0,0.0,77.62067409293012,0.960338088317472,1.0499992314151843
case69,87,73,1,1,1.0522153181169862,0.03623583136102442,3.964392029651569,True,0,0.28095219999977417,,83.73057505017839,6.781997352600655e-09,0.0,0.0,78.3385757438716,0.959625623828594,1.0499966318838552
case69,88,76,1,1,1.0452701602959678,0.11027770321127359,3.8639439732500254,True,0,0.30111680000027263,,81.60900188110516,3.080383170761536e-11,0.0,0.0,77.24797450171813,0.9605040466723589,1.0499991237579862
case69,89,73,1,1,1.0522153181169862,0.24288246263838464,3.7577453983742086,True,0,0.26889010000013513,,79.45174702520468,6.448910100376182e-09,0.0,0.0,76.73588487489195,0.9603456195593605,1.0499972785679779
case69,90,73,1,1,1.0522153181169862,0.00014560926136208415,4.000482251751231,True,0,0.2710317999999461,,84.4778400001465,6.967835197713157e-10,0.0,0.0,78.70454993894211,0.9595062083711167,1.049997690739512
case69,91,73,1,1,1.0522153181169862,0.026058640353758204,3.974569220658835,True,0,0.25880700000016077,,83.93951714039025,4.6538937981122075e-09,0.0,0.0,78.42910800244422,0.9595959261205371,1.0499968104421282
case69,92,72,1,1,1.0506754220366823,0.10070586320765423,3.8940671589180154,True,0,0.2919659999997748,,82.26885585184277,3.4335312371069904e-11,0.0,0.0,77.69656895351113,0.9599651895096343,1.049999196020594
case69,93,74,1,1,1.0518682719865085,0.023422055924561168,3.9758863009953425,True,0,0.2918678000005457,,83.96519952084644,2.377464891623049e-11,0.0,0.0,78.43621200467837,0.9596193810070115,1.0499992423303317
case69,94,71,1,1,1.0473616249526234,0.0,3.9821736342323693,True,0,0.2985577999997986,,84.06818977108891,1.3011092203640828e-11,0.0,0.0,78.3256387233493,0.9599559388104145,1.049999200369826
case69,95,76,1,1,1.0452701602959678,0.05984763496173463,3.9143740414995642,True,0,0.26377140000022337,,82.652910260634,3.9469510992873325e-11,0.0,0.0,77.62651575791813,0.9603356439512863,1.049999267098216
case69,96,73,1,1,1.0522153181169862,0.0007651296662105617,3.999862731346383,True,0,0.2680056000008335,,84.46501529221713,7.158324766276536e-10,0.0,0.0,78.6986408248269,0.9595081509070922,1.0499976889439224
case69,97,73,1,1,1.0522153181169862,0.24139276913282975,3.7592350918797637,True,0,0.2956200999997236,,79.4820059847806,1.9959145447501214e-11,0.0,0.0,76.74148177920056,0.9603450530607152,1.049999139987694
case69,98,75,1,1,1.049562300627224,0.09752359237235861,3.89301723084241,True,0,0.295728500000223,,82.22630266404913,2.7186919382415908e-11,0.0,0.0,77.55368033536737,0.9601186021740434,1.049999193708229
case69,99,76,1,1,1.0452701602959678,0.008630651540471187,3.965591024920828,True,0,0.2662774000000354,,83.71187535408679,9.056561056652868e-12,0.0,0.0,78.07991860569325,0.960176066138856,1.0499992260780808
case69,100,75,1,1,1.049562300627224,0.05013593787119065,3.940404885343578,True,0,0.308545600000798,,83.21784480199199,5.456848001239578e-09,0.0,0.0,78.022758422932,0.959908408077036,1.0499968597531923
case69,101,72,1,1,1.0506754220366823,0.014744210527601408,3.980028811598068,True,0,0.28222619999996823,,84.04455571959195,5.252161261459776e-09,0.0,0.0,78.44187842817828,0.9596942734923652,1.0499967657825426
case69,102,73,1,1,1.0522153181169862,0.07435881000244088,3.9262690510101526,True,0,0.27911049999966053,,82.94325246918676,2.0664800148839646e-09,0.0,0.0,77.9843696307392,0.9597372589887132,1.0499918650597204
case69,103,74,1,1,1.0518682719865085,1.2174750708839692e-05,3.9992961821691946,True,0,0.333199899999272,,84.45108838226179,9.31657528902008e-12,0.0,0.0,78.67881039616562,0.9595395284856397,1.049999253175577
case69,104,74,1,1,1.0518682719865085,0.003691921207587305,3.995616435712316,False,0,0.10316920000059326,OPF did not converge (retry=0),,,,,,,
case69,105,73,1,1,1.0522153181169862,0.0009776079019924993,3.999650253110601,True,0,0.28059119999943505,,84.46060046964232,4.566778982750819e-09,0.0,0.0,78.69627812320716,0.959507911668395,1.0499967624367046
case69,106,76,1,1,1.0452701602959678,0.024758208973252916,3.949463467488046,True,0,0.3273247999995874,,83.38054139557393,2.612865479534321e-11,0.0,0.0,77.89514698127762,0.9602370242218681,1.0499991708466847
case69,107,76,1,1,1.0452701602959678,0.0878125006439851,3.886409175817314,True,0,0.26780479999979434,,82.0772549654001,2.5360652466943634e-10,0.0,0.0,77.29406040387842,0.9604293573657497,1.0499937479742727
case69,108,76,1,1,1.0452701602959678,0.07840718429690244,3.8958144921643965,True,0,0.3014392000004591,,82.27188132912184,2.668570919794888e-11,0.0,0.0,77.40419441487474,0.9603988615126932,1.0499991481228188
case69,109,75,1,1,1.049562300627224,0.20860744818858634,3.781933375026182,True,0,0.2528680000004897,,79.9368115080219,7.242559357800715e-09,0.0,0.0,76.81556403448569,0.9604589310805784,1.0499972389487748
case69,110,74,1,1,1.0518682719865085,0.2435755755089244,3.755732781410979,True,0,0.2727457000000868,,79.40871748912888,6.842961586261964e-09,0.0,0.0,76.71252574551538,0.96037617602309,1.0499972864863636
case69,111,74,1,1,1.0518682719865085,0.020660570279637525,3.978647786640266,True,0,0.2965838000000076,,84.02357673006863,5.557798027355787e-09,0.0,0.0,78.47934503065682,0.9596024078241318,1.0499967172202072
case69,112,75,1,1,1.049562300627224,0.10323917961297079,3.887301643601798,True,0,0.3290124000004653,,82.11535347965807,1.559222195801624e-11,0.0,0.0,77.34764501438266,0.9601323179194896,1.0499991729414044
case69,113,75,1,1,1.049562300627224,0.18770345072936326,3.8028373724854054,True,0,0.26410539999960747,,80.36703627228928,9.485578988943644e-12,0.0,0.0,76.95214768216577,0.9603975334388429,1.0499991283507166
case69,114,75,1,1,1.049562300627224,0.03280069530418013,3.9577401279105886,True,0,0.2541689999998198,,83.5795027811688,5.378805595368519e-09,0.0,0.0,78.14036070554924,0.9598680298093426,1.049996807939638
case69,115,71,1,1,1.0473616249526234,0.05895468512914827,3.9232189491032208,True,0,0.27438549999988027,,82.84979854726461,1.526634374471314e-11,0.0,0.0,77.75336137389162,0.9601445776089833,1.0499992474256632
case69,116,75,1,1,1.049562300627224,0.03131773470414327,3.959223088510625,True,0,0.2679607999998552,,83.61224356282749,7.797262835396168e-12,0.0,0.0,78.190752090285,0.9598541213030735,1.0499992308519213
case69,117,75,1,1,1.049562300627224,0.034040014408403554,3.956500808806365,True,0,0.24276999999983673,,83.55536203003766,4.33574051661445e-09,0.0,0.0,78.162118152543,0.9598609711504132,1.049996890513772
case69,118,75,1,1,1.049562300627224,0.04107382449838004,3.9494669987163884,True,0,0.2667884000002232,,83.40376593563313,5.8485240539418726e-09,0.0,0.0,78.07292892184489,0.9598900260133003,1.0499968109411497
case69,119,76,1,1,1.0452701602959678,0.04073363331576328,3.9334880431455357,True,0,0.2676912999995693,,83.05229503879966,5.007441239435195e-09,0.0,0.0,77.75999891941906,0.960279193950698,1.0499969471804405
case69,120,76,1,1,1.0452701602959678,0.054031064864381806,3.920190611596917,True,0,0.2970838000001095,,82.77038028479527,3.32459615393077e-11,0.0,0.0,77.60890202692651,0.9603329182911503,1.0499991530679569
case69,121,74,1,1,1.0518682719865085,0.0018663734039511218,3.9974419835159525,True,0,0.2690776999997979,,84.41256342688601,1.9950124885426135e-11,0.0,0.0,78.6591872073479,0.9595459600909986,1.049999230369932
case69,122,76,1,1,1.0452701602959678,0.02846119285001597,3.945760483611283,True,0,0.2860233999999764,,83.30608585097161,2.1684459783344323e-11,0.0,0.0,77.87990498841808,0.9602421928743851,1.0499992402532219
case69,123,73,1,1,1.0522153181169862,0.06401497862826099,3.9366128823843325,True,0,0.2600249999995867,,83.15672700619425,5.1128618561158135e-09,0.0,0.0,78.12965980607491,0.9597051654221498,1.0499968478637496
case69,124,76,1,1,1.0452701602959678,0.028812634982994287,3.9454090414783045,True,0,0.29332049999993615,,83.29743019751199,3.1325053662101254e-11,0.0,0.0,77.8678505864584,0.9602460458305319,1.0499991740649381
case69,125,73,1,1,1.0522153181169862,0.06945278788932653,3.9311750731232666,True,0,0.31522099999983766,,83.03708934986828,1.4872131304244363e-11,0.0,0.0,78.01109536383726,0.9597587587778325,1.0499992383827161
case69,126,71,1,1,1.0473616249526234,0.11373495211175569,3.8684386821206136,True,0,0.26841999999942345,,81.71648207535249,1.4060336228638448e-08,0.0,0.0,77.39831207281831,0.9603133186072943,1.0499970225125537
case69,127,73,1,1,1.0522153181169862,0.00037360490399847095,4.000254256108595,True,0,0.3006654000000708,,84.47309446135618,2.1324831067648375e-09,0.0,0.0,78.70196356345683,0.9595065172544002,1.0499971969629174
case69,128,76,1,1,1.0452701602959678,0.10827825856864823,3.865943417892651,True,0,0.2924253999999564,,81.64908513629345,6.947859843009496e-09,0.0,0.0,77.01447155280951,0.9605253583929191,1.0499970399830718
case69,129,75,1,1,1.049562300627224,0.1029971111810303,3.887543712033738,True,0,0.2756251999999222,,82.11464430192542,1.1893468987445033e-09,0.0,0.0,77.53012506802047,0.9601225056800303,1.0499928066884139
case69,130,73,1,1,1.0522153181169862,0.10367213077239257,3.896955730240201,True,0,0.27664679999998043,,82.32611428811686,5.710451500551272e-09,0.0,0.0,77.73001094228937,0.9598836095633506,1.049996944098774
case69,131,76,1,1,1.0452701602959678,0.05785057272487886,3.91637110373642,True,0,0.2951898000001165,,82.69772345316159,3.314512553309612e-11,0.0,0.0,77.59509407628657,0.960335926519615,1.0499991378958085
case69,132,73,1,1,1.0522153181169862,0.009685556226664508,3.990942304785929,True,0,0.3073129999993398,,84.28015750744022,2.1701473951196704e-11,0.0,0.0,78.61082550037574,0.9595387618155452,1.049999244048941
case69,133,75,1,1,1.049562300627224,0.08442785237852807,3.9061129708362405,True,0,0.2961372999998275,,82.51038887106176,5.850958606501422e-12,0.0,0.0,77.62567707791806,0.9600405092356536,1.0499992028855183
case69,134,74,1,1,1.0518682719865085,0.03658117809591059,3.962727178823993,True,0,0.2994744999996328,,83.69271936856373,3.22827042875673e-11,0.0,0.0,78.2965721707673,0.9596654246104996,1.049999232878127
case69,135,74,1,1,1.0518682719865085,0.009333265408807082,3.9899750915110963,True,0,0.26691699999992125,,84.25769382789443,4.771597811314976e-09,0.0,0.0,78.58333528799182,0.9595682213558177,1.0499967688492435
case69,136,70,1,1,1.0424226393272786,0.06483738432305652,3.898557732663189,True,0,0.33864859999994223,,82.30601071229314,2.1930124383118255e-11,0.0,0.0,77.34894306717999,0.9606233280932983,1.0499991164249325
case69,137,74,1,1,1.0518682719865085,0.09934054055655009,3.8999678163633535,True,0,0.2779779000002236,,82.39976000382828,1.496675006151804e-11,0.0,0.0,77.69934181731549,0.9598628276157269,1.049999260788449
case69,138,76,1,1,1.0452701602959678,0.03563143713048286,3.938590239330816,True,0,0.3090113999996902,,83.15567234559056,9.798106770375625e-12,0.0,0.0,77.78267960203698,0.9602740929282287,1.049999161259082
case69,139,74,1,1,1.0518682719865085,0.08169902157523318,3.9176093353446704,True,0,0.31573389999994106,,82.76989875894351,5.329249125329838e-09,0.0,0.0,77.85346373493516,0.9598095522610111,1.0499968449094743
case69,140,75,1,1,1.049562300627224,0.11452090395030166,3.876019919264467,True,0,0.3095053999995798,,81.88061567489379,1.6411261238857833e-11,0.0,0.0,77.49336153901302,0.9601465476837029,1.0499991726921871
case69,141,73,1,1,1.0522153181169862,0.011222323942988803,3.9894055370696044,True,0,0.33279360000051383,,84.24953755967749,4.020514199343239e-10,0.0,0.0,78.58976120872703,0.9595443555670705,1.049997952596584
case69,142,73,1,1,1.0522153181169862,0.11894303483536968,3.881684826177224,True,0,0.3168737999994846,,82.0201517755377,6.196390678336883e-09,0.0,0.0,77.64442312674139,0.9598942642782237,1.0499969173101298
case69,143,73,1,1,1.0522153181169862,0.0024453890106911048,3.9981824720019024,True,0,0.32180220000009285,,84.43020346043737,5.1503801223873324e-12,0.0,0.0,78.68241007475277,0.9595152388255057,1.0499992786965857
case69,144,76,1,1,1.0452701602959678,0.11488727437496886,3.85933440208633,True,0,0.32451769999988755,,81.51233540006977,1.8451876138136925e-10,0.0,0.0,77.1846013698986,0.9605270075471566,1.0499984041729526
case69,145,78,1,1,1.0308506736297833,0.15314849230585575,3.766248853901943,True,0,0.32544490000054793,,79.49740597575179,4.277754733772454e-09,0.0,0.0,75.80394029060739,0.9619885216852769,1.0499975625647748
case69,146,73,1,1,1.0522153181169862,0.004753718255714072,3.9958741427568794,True,0,0.30543800000032206,,84.38239020457901,4.496170019629986e-09,0.0,0.0,78.65965210728879,0.9595199815182346,1.049996777294026
case69,147,74,1,1,1.0518682719865085,0.03680413409135304,3.9625042228285503,True,0,0.3251958000000741,,83.68845199711991,2.3948676375340483e-11,0.0,0.0,78.30986179417117,0.9596610375392691,1.0499992628074992
case69,148,75,1,1,1.049562300627224,0.10868264999815108,3.8818581732166173,True,0,0.32400479999978415,,82.00520478810965,5.680281689457445e-09,0.0,0.0,77.57536638088388,0.9601061957485914,1.0499969918868202
case69,149,73,1,1,1.0522153181169862,0.05700999249134147,3.943617868521252,True,0,0.34861390000060055,,83.30683322999883,1.7357254522565313e-11,0.0,0.0,78.16831926763862,0.9596849296619999,1.0499992598723054
case69,150,73,1,1,1.0522153181169862,0.00036356183443357826,4.00026429917816,True,0,0.2947114999997211,,84.47332300687611,4.39010772179671e-09,0.0,0.0,78.70228956234028,0.9595059520841552,1.0499967793884548
case69,151,74,1,1,1.0518682719865085,0.022218741306271654,3.977089615613632,True,0,0.3494680000003427,,83.99355101846785,1.5763057525930435e-11,0.0,0.0,78.44153762700229,0.9596177885465577,1.0499992354955696
case69,152,73,1,1,1.0522153181169862,0.24143759342490428,3.759190267587689,True,0,0.258045000000493,,79.48107229794527,8.502047288416748e-09,0.0,0.0,76.74086892087432,0.9603434105481302,1.0499973818391297
case69,153,73,1,1,1.0522153181169862,0.041575414922520745,3.9590524460900727,True,0,0.2658760999993319,,83.61968561735877,5.035334399439151e-09,0.0,0.0,78.29708265090964,0.9596394442186765,1.0499968104444304
case69,154,76,1,1,1.0452701602959678,0.028089823158874046,3.946131853302425,True,0,0.26934049999999843,,83.30905475625494,2.3007679095243816e-11,0.0,0.0,77.89100668211505,0.9602382514868999,1.0499992234998992
case69,155,74,1,1,1.0518682719865085,0.09648231476327526,3.902826042156628,True,0,0.30248540000047797,,82.46335310143671,1.965094753586527e-14,0.0,0.0,77.69764297872148,0.9598636411652925,1.0499992049018028
case69,156,75,1,1,1.049562300627224,0.11193536518901898,3.8786054580257496,True,0,0.26155329999983223,,81.93265080278266,6.029326510281763e-09,0.0,0.0,77.49656614590668,0.9601426781117651,1.0499970060988457
case69,157,75,1,1,1.049562300627224,0.035955752731275534,3.954585070483493,True,0,0.2695965000002616,,83.50876957924959,5.554666254736773e-09,0.0,0.0,78.11988803108973,0.9598745304727809,1.0499968280199532
case69,158,74,1,1,1.0518682719865085,0.029327706862905083,3.9699806500569985,True,0,0.2533424000002924,,83.84994529356204,2.709220098262577e-09,0.0,0.0,78.40420583250669,0.9596276827332194,1.0499969313332242
case69,159,73,1,1,1.0522153181169862,0.0006332002090232043,3.99999466080357,True,0,0.3068708999999217,,84.46769639275675,3.567601769560724e-11,0.0,0.0,78.69939052854579,0.9595094184810228,1.0499990673625559
case69,160,74,1,1,1.0518682719865085,0.0319688909259834,3.9673394659939203,True,0,0.28371379999953206,,83.79364697613008,6.04448754937259e-09,0.0,0.0,78.34793278225975,0.959645918814164,1.049996673784987
case69,161,73,1,1,1.0522153181169862,0.07115918600202714,3.929468675010566,True,0,0.2606604000002335,,83.01133176125123,2.0290172875192525e-09,0.0,0.0,77.98762271247872,0.9597366074994543,1.0499920372037423
case69,162,74,1,1,1.0518682719865085,0.051287126135331304,3.948021230784572,True,0,0.2633138000001054,,83.38720914002052,5.036881634001844e-09,0.0,0.0,78.16161846831614,0.9597119792368524,1.0499968461652618
case69,163,73,1,1,1.0522153181169862,0.0005333932780873442,4.000094467734506,True,0,0.30834969999978057,,84.46975434208389,2.687933209344351e-12,0.0,0.0,78.70025422350078,0.9595093342539599,1.0499992493923538
case69,164,73,1,1,1.0522153181169862,0.010161279359699547,3.990466581652894,True,0,0.3071970999999394,,84.27013428145048,1.3279266575239035e-11,0.0,0.0,78.60386222960109,0.9595410726157864,1.049999261676249
case69,165,72,1,1,1.0506754220366823,0.14265988344336783,3.8521131386823018,True,0,0.24795319999975618,,81.40477104248095,4.052462726500394e-09,0.0,0.0,77.14195316738318,0.9601244187716714,1.0499970872486755
case69,166,74,1,1,1.0518682719865085,0.06413020755732779,3.9351781493625757,True,0,0.28816139999980805,,83.12535162284715,2.908207008545105e-11,0.0,0.0,78.01979753388201,0.9597568978679172,1.049999268882015
case69,167,74,1,1,1.0518682719865085,0.06071458639414703,3.9385937705257565,True,0,0.3010463999999047,,83.20036056229168,2.2690963275007192e-09,0.0,0.0,78.05626811966049,0.9597428195582592,1.0499972214320286
case69,168,72,1,1,1.0506754220366823,0.004156411376500621,3.990616610749169,True,0,0.27202089999991586,,84.26378196489496,7.498152376772538e-10,0.0,0.0,78.54435338172566,0.9596615292960844,1.0499976657421077
case69,169,73,1,1,1.0522153181169862,0.0214304180618842,3.979197442950709,True,0,0.2623429999994187,,84.03672421345223,5.1758521080191855e-09,0.0,0.0,78.47251446763399,0.959581632643951,1.0499967512075485
case69,170,73,1,1,1.0522153181169862,0.011257124784467635,3.9893707362281257,True,0,0.3026060000001962,,84.24646501636418,1.5483250792591718e-09,0.0,0.0,78.57959881641256,0.9595469126909552,1.0499973110178988
case69,171,75,1,1,1.049562300627224,0.04626921918396462,3.944271604030804,True,0,0.2561266999991858,,83.30213171438182,4.510845558192145e-09,0.0,0.0,78.00136440548171,0.9599140429429459,1.0499968991859765
case69,172,74,1,1,1.0518682719865085,0.014574834030537881,3.9847335228893654,True,0,0.2917722000001959,,84.14970810648155,4.796912866922298e-12,0.0,0.0,78.54040948552455,0.9595850862570062,1.0499992548584602
case69,173,75,1,1,1.049562300627224,0.035183677173221496,3.955357146041547,True,0,0.2714767000006759,,83.53332655098414,6.2597514671747234e-09,0.0,0.0,78.16531754445633,0.9598597846505057,1.0499967209474528
case69,174,71,1,1,1.0473616249526234,0.1422191501381037,3.8399544840942657,True,0,0.2634166000007099,,81.14194978162243,1.1504862146294315e-08,0.0,0.0,76.96592920118606,0.9604031394504212,1.0499970650861161
case69,175,73,1,1,1.0522153181169862,0.02288230889417369,3.9777455521184195,True,0,0.31114310000066325,,84.00687914651569,1.5036583089766964e-11,0.0,0.0,78.48244467086602,0.9595810765686245,1.0499992806786698
case69,176,73,1,1,1.0522153181169862,0.07978034103520956,3.920847519977384,True,0,0.29545189999953436,,82.82404495942865,6.707113642256957e-09,0.0,0.0,77.89155047693271,0.9597918922216405,1.0499967935448746
case69,177,73,1,1,1.0522153181169862,0.11836599273891074,3.8822618682736825,True,0,0.29685090000020864,,82.04251004286533,2.014180100484708e-09,0.0,0.0,77.56397688695014,0.9598771512010922,1.0499923034223682
case69,178,75,1,1,1.049562300627224,0.12128736024866638,3.8692534629661024,True,0,0.2731635999998616,,81.74841686426117,5.796068597296866e-09,0.0,0.0,77.28573965633767,0.9601541841804101,1.049996997784398
case69,179,75,1,1,1.049562300627224,0.02637575440432835,3.9641650688104404,True,0,0.3462872999998581,,83.71372459398395,1.3252898778404187e-11,0.0,0.0,78.2464084254576,0.9598357191439385,1.04999921959646
case69,180,71,1,1,1.0473616249526234,0.09507091414237312,3.887102720089996,True,0,0.3554929000001721,,82.09975349300808,2.0854901139344406e-11,0.0,0.0,77.50279538661454,0.9602672931117502,1.0499991700327809
case69,181,73,1,1,1.0522153181169862,0.009427723582852505,3.991200137429741,True,0,0.2681383999997706,,84.28571488203531,6.502231780780576e-09,0.0,0.0,78.6159797912683,0.9595341389996949,1.0499965780050693
case69,182,71,1,1,1.0473616249526234,0.07434051259932906,3.90783312163304,True,0,0.27265470000020287,,82.52601064225294,6.297839583169207e-09,0.0,0.0,77.53042513241081,0.960219742721727,1.0499969353776217
case69,183,74,1,1,1.0518682719865085,0.007388390146037786,3.9919199667738656,True,0,0.27076430000033724,,84.29743953851639,6.058502810546429e-09,0.0,0.0,78.59492042168094,0.9595642525621866,1.049996629663523
case69,184,75,1,1,1.049562300627224,0.03535910529339763,3.955181717921371,True,0,0.27945309999995516,,83.52784669463591,4.50089576720103e-09,0.0,0.0,78.14055891476703,0.9598680679148855,1.0499968815667073
case69,185,76,1,1,1.0452701602959678,0.01963280352063414,3.954588872940665,True,0,0.2948587000000771,,83.48622736097627,6.510347566601737e-09,0.0,0.0,77.96027580121144,0.9602129237818343,1.0499967997370727
case69,186,71,1,1,1.0473616249526234,0.1888871344057813,3.793286499826588,True,0,0.3013827000004312,,80.15836687830046,1.7709445021552028e-11,0.0,0.0,76.80290774308189,0.9605916905715773,1.0499991360205332
case69,187,75,1,1,1.049562300627224,0.08925786513685081,3.9012829580779176,True,0,0.2669980000000578,,82.41300468242251,7.315672068131107e-09,0.0,0.0,77.626818531228,0.9600374820117602,1.0499968088010792
case69,188,74,1,1,1.0518682719865085,0.03672715289800821,3.9625812040218955,True,0,0.2770329999993919,,83.68998670641454,5.7215536197752215e-09,0.0,0.0,78.30947628525713,0.9596584056448806,1.0499967500717027
case69,189,73,1,1,1.0522153181169862,0.033587599770153055,3.9670402612424405,True,0,0.3097428000000946,,83.78193798771753,1.6771084521138846e-11,0.0,0.0,78.33217199030199,0.959630509089692,1.0499992219134922
case69,190,75,1,1,1.049562300627224,0.00869458611839637,3.9818462370963723,True,0,0.29464740000003076,,84.07477681756221,6.135261465534114e-10,0.0,0.0,78.4077632125696,0.95978078522019,1.049997794079421
case69,191,76,1,1,1.0452701602959678,0.13314452439213706,3.841077152069162,True,0,0.26630419999946753,,81.13652187718785,1.3278325716736816e-08,0.0,0.0,76.93947213493918,0.9605915469288937,1.0499971842766553
case69,192,73,1,1,1.0522153181169862,0.1481260398184368,3.8525018211941564,True,0,0.27549899999939953,,81.41859008474736,5.908131733844968e-09,0.0,0.0,77.16992372529454,0.9600126276714321,1.0499969915138205
case69,193,74,1,1,1.0518682719865085,0.23719341783610898,3.7621149390837947,True,0,0.2693907000002582,,79.5404803189359,6.926396178830174e-09,0.0,0.0,76.76033240798778,0.9603539048483278,1.0499972685563639
case69,194,75,1,1,1.049562300627224,0.10346125722883734,3.8870795659859314,True,0,0.3207457999997132,,82.1166513808521,3.480971066949223e-11,0.0,0.0,77.64875390147283,0.9600746237063497,1.049999165333254
case69,195,73,1,1,1.0522153181169862,0.0004555018726979923,4.000172359139896,True,0,0.26383810000061203,,84.47144700845752,4.7241952849663704e-09,0.0,0.0,78.70177959164954,0.9595060818094836,1.0499967444761187
case69,196,73,1,1,1.0522153181169862,0.0824003846007946,3.918227476411799,True,0,0.3364912999995795,,82.78336218595015,3.4239999724405834e-11,0.0,0.0,77.93944052455784,0.9597604502347933,1.049999223676298
case69,197,75,1,1,1.049562300627224,0.038891725664362053,3.9516490975504066,True,0,0.2691168999999718,,83.44892222446532,5.090107946248423e-09,0.0,0.0,78.10413175235429,0.9598797662938275,1.0499968627956735
case69,198,75,1,1,1.049562300627224,0.038465104178560555,3.952075719036208,True,0,0.2859737999997378,,83.46414699909069,6.472850033745203e-12,0.0,0.0,78.10493258237801,0.9598824537712912,1.0499992547624528
case69,199,76,1,1,1.0452701602959678,0.11053596404263324,3.8636857124186657,True,0,0.265019299999949,,81.60717403370937,3.4162815631955112e-09,0.0,0.0,77.07734046491844,0.9605034406820715,1.0499960140350888
case69,200,76,1,1,1.0452701602959678,0.029414114629827768,3.944807561831471,True,0,0.2806276000001162,,83.28059838775832,2.4304502854732846e-11,0.0,0.0,77.85655474374276,0.960249598230867,1.0499992113608538
